begin,open,close,high,low
2020-02-13,209.52,213.14,214.33,209.18
2020-02-14,214.0,214.18,214.93,212.65
2020-02-18,213.55,217.8,217.98,213.4
2020-02-19,217.99,217.49,218.32,216.11
2020-02-20,216.52,214.58,218.77,212.95
2020-02-21,213.48,210.18,214.24,208.83
2020-02-24,201.8,200.72,203.65,198.17
2020-02-25,202.25,196.77,203.5,195.95
2020-02-26,197.19,197.2,201.21,195.49
2020-02-27,191.82,189.75,195.88,189.5
2020-02-28,182.7,192.47,192.74,181.82
2020-03-02,194.03,196.44,196.57,188.85
2020-03-03,196.22,185.89,197.24,183.97
2020-03-04,189.17,191.76,191.83,186.39
2020-03-05,186.78,185.17,188.99,183.89
2020-03-06,178.33,181.09,183.78,176.26
2020-03-09,169.6,169.5,175.0,165.19
2020-03-10,174.67,178.19,178.29,169.5
2020-03-11,174.01,170.24,175.88,167.66
2020-03-12,159.54,154.47,166.6,154.34
2020-03-13,163.53,170.28,170.79,157.6
2020-03-16,152.32,146.01,159.13,143.1
2020-03-17,150.74,149.42,153.94,140.0
2020-03-18,139.75,146.96,148.18,137.1
2020-03-19,146.62,153.13,159.93,144.8
2020-03-20,156.02,149.73,159.27,148.0
2020-03-23,149.66,148.1,152.31,142.25
2020-03-24,155.21,160.98,161.31,152.57
2020-03-25,158.92,156.21,162.99,153.06
2020-03-26,158.25,163.34,164.0,157.02
2020-03-27,158.2,156.79,160.09,154.75
2020-03-30,159.18,165.95,166.75,158.06
2020-03-31,165.48,166.8,170.93,164.2
2020-04-01,161.62,159.6,164.15,158.04
2020-04-02,159.1,158.19,161.35,155.92
2020-04-03,157.15,154.18,157.91,150.83
2020-04-06,160.15,165.55,166.2,158.51
2020-04-07,171.79,168.83,173.39,166.01
2020-04-08,171.25,174.28,175.0,167.74
2020-04-09,175.9,175.19,177.08,171.57
2020-04-13,173.67,174.79,175.0,169.45
2020-04-14,178.98,178.17,181.23,176.62
2020-04-15,175.19,176.97,178.19,172.82
2020-04-16,177.95,176.25,178.05,172.51
2020-04-17,179.2,179.24,180.28,176.66
2020-04-20,177.41,178.24,180.5,176.77
2020-04-21,175.25,170.8,175.38,168.34
2020-04-22,178.45,182.28,184.78,178.14
2020-04-23,184.08,185.13,187.05,183.15
2020-04-24,183.23,190.07,190.41,180.83
2020-04-27,192.66,187.5,193.75,187.41
2020-04-28,188.66,182.91,189.2,182.56
2020-04-29,190.93,194.19,196.91,190.0
2020-04-30,206.92,204.71,209.69,201.57
2020-05-01,201.6,202.27,207.28,199.05
2020-05-04,200.2,205.26,205.91,198.76
2020-05-05,207.02,207.07,210.38,206.5
2020-05-06,208.12,208.47,211.6,206.66
2020-05-07,211.16,211.26,211.6,209.04
2020-05-08,212.24,212.35,213.21,210.85
2020-05-11,210.89,213.18,215.0,210.37
2020-05-12,213.29,210.1,215.28,210.0
2020-05-13,209.43,205.1,210.78,202.11
2020-05-14,202.56,206.81,206.93,200.69
2020-05-15,205.27,210.88,211.34,204.12
2020-05-18,212.15,213.19,214.64,210.94
2020-05-19,213.27,216.88,220.49,212.83
2020-05-20,223.5,229.97,231.34,223.19
2020-05-21,234.72,231.39,237.2,231.2
2020-05-22,231.51,234.91,235.99,228.74
2020-05-26,239.77,232.2,240.9,231.67
2020-05-27,229.07,229.14,230.56,221.13
2020-05-28,224.3,225.46,231.63,224.0
2020-05-29,225.2,225.09,227.49,222.88
2020-06-01,224.59,231.91,232.44,223.5
2020-06-02,230.94,232.72,233.0,226.56
2020-06-03,232.11,230.16,232.65,228.53
2020-06-04,229.56,226.29,231.63,224.61
2020-06-05,226.71,230.77,231.35,225.31
2020-06-08,229.03,231.4,231.55,227.41
2020-06-09,231.52,238.67,239.77,230.41
2020-06-10,240.96,236.73,241.21,235.28
2020-06-11,229.94,224.43,232.89,223.55
2020-06-12,229.9,228.58,231.66,224.5
2020-06-15,225.09,232.5,233.77,224.8
2020-06-16,237.14,235.65,238.46,233.0
2020-06-17,235.0,235.53,237.59,231.73
2020-06-18,234.99,235.94,236.14,232.15
2020-06-19,237.79,238.79,240.83,235.55
2020-06-22,238.56,239.22,240.7,236.91
2020-06-23,241.28,242.24,245.19,239.86
2020-06-24,241.2,234.02,243.22,232.68
2020-06-25,234.62,235.68,237.3,232.74
2020-06-26,232.64,216.08,233.09,215.4
2020-06-29,209.75,220.64,220.75,207.11
2020-06-30,220.59,227.07,227.5,218.47
2020-07-01,228.5,237.55,239.0,227.56
2020-07-02,239.0,233.42,240.0,232.61
2020-07-06,233.76,240.28,240.4,232.27
2020-07-07,239.41,240.86,247.65,238.82
2020-07-08,238.11,243.58,246.99,236.59
2020-07-09,245.0,244.5,246.53,239.24
2020-07-10,243.69,245.07,245.49,239.32
2020-07-13,247.01,239.0,250.15,238.42
2020-07-14,236.76,239.73,240.33,232.03
2020-07-15,241.55,240.28,244.82,238.05
2020-07-16,238.0,240.93,241.76,236.33
2020-07-17,241.0,242.03,244.16,237.86
2020-07-20,240.06,245.42,246.05,235.64
2020-07-21,246.22,241.75,246.91,240.08
2020-07-22,240.26,239.87,241.9,238.12
2020-07-23,239.63,232.6,242.42,231.75
2020-07-24,230.19,230.71,233.49,226.9
2020-07-27,231.46,233.5,234.95,230.83
2020-07-28,234.63,230.12,234.96,229.83
2020-07-29,231.14,233.29,233.7,230.31
2020-07-30,230.22,234.5,234.89,229.0
2020-07-31,255.82,253.67,255.85,249.0
2020-08-03,252.65,251.96,255.4,250.33
2020-08-04,251.56,249.83,252.8,247.43
2020-08-05,250.19,249.12,252.27,247.77
2020-08-06,249.04,265.28,266.6,248.67
2020-08-07,264.08,268.44,278.89,263.43
2020-08-10,268.04,263.0,273.86,259.69
2020-08-11,260.19,256.13,265.92,255.13
2020-08-12,258.97,259.89,263.9,258.11
2020-08-13,261.55,261.3,265.16,259.57
2020-08-14,262.31,261.24,262.65,258.68
2020-08-17,262.5,261.16,264.1,259.4
2020-08-18,260.95,262.34,265.15,259.26
2020-08-19,261.39,262.59,267.91,261.35
2020-08-20,261.5,269.01,269.63,261.46
2020-08-21,268.69,267.01,270.49,266.42
2020-08-24,271.07,271.39,277.25,268.77
2020-08-25,272.41,280.82,283.09,270.26
2020-08-26,284.0,303.91,304.67,284.0
2020-08-27,300.16,293.22,301.23,292.02
2020-08-28,295.0,293.66,297.23,290.98
2020-08-31,293.95,293.2,296.88,291.55
2020-09-01,294.71,295.44,301.49,292.71
2020-09-02,298.88,302.5,303.6,293.05
2020-09-03,295.99,291.12,297.6,283.63
2020-09-04,287.25,282.73,289.0,271.14
2020-09-08,271.28,271.16,279.3,269.42
2020-09-09,275.77,273.72,278.48,271.35
2020-09-10,275.51,268.09,279.16,267.03
2020-09-11,270.06,266.61,271.39,262.64
2020-09-14,270.95,266.15,276.64,265.7
2020-09-15,270.67,272.42,274.52,269.3
2020-09-16,267.29,263.52,272.44,261.79
2020-09-17,258.28,254.82,261.5,250.19
2020-09-18,258.4,252.53,259.2,250.05
2020-09-21,247.54,248.15,249.95,244.13
2020-09-22,253.31,254.75,255.32,248.22
2020-09-23,255.26,249.02,257.99,248.15
2020-09-24,246.5,249.53,252.24,245.62
2020-09-25,249.4,254.82,255.75,246.61
2020-09-28,259.4,256.82,259.6,254.82
2020-09-29,257.81,261.79,263.33,256.9
2020-09-30,261.98,261.9,266.08,260.1
2020-10-01,265.35,266.63,268.33,264.8
2020-10-02,261.21,259.94,265.15,259.18
2020-10-05,262.2,264.65,264.87,260.84
2020-10-06,261.78,258.66,265.69,258.24
2020-10-07,259.21,258.12,260.18,254.82
2020-10-08,259.75,263.76,264.62,259.15
2020-10-09,264.52,264.45,264.75,262.17
2020-10-12,270.2,275.75,280.18,267.87
2020-10-13,277.58,276.14,279.1,273.39
2020-10-14,277.62,271.82,278.75,271.5
2020-10-15,267.6,266.72,269.04,263.67
2020-10-16,267.38,265.93,271.37,265.3
2020-10-19,265.53,261.4,268.55,259.88
2020-10-20,263.06,267.56,269.7,262.88
2020-10-21,279.56,278.73,283.05,276.37
2020-10-22,279.87,278.12,282.45,275.04
2020-10-23,278.8,284.79,285.24,276.82
2020-10-26,283.16,277.11,285.23,274.26
2020-10-27,278.76,283.29,284.51,276.31
2020-10-28,278.79,267.67,278.79,267.26
2020-10-29,276.55,280.83,283.6,273.78
2020-10-30,274.5,263.11,276.7,259.1
2020-11-02,264.6,261.36,270.47,257.34
2020-11-03,263.16,265.3,270.05,260.88
2020-11-04,281.0,287.38,288.94,278.62
2020-11-05,291.9,294.68,297.38,288.95
2020-11-06,293.95,293.41,294.6,288.06
2020-11-09,289.87,278.77,292.58,278.53
2020-11-10,273.1,272.43,274.0,264.0
2020-11-11,273.47,276.48,278.4,272.48
2020-11-12,277.18,275.08,279.75,274.43
2020-11-13,277.72,276.95,277.76,273.1
2020-11-16,275.05,278.96,279.41,274.63
2020-11-17,277.68,275.0,277.68,273.29
2020-11-18,274.52,271.97,277.39,271.84
2020-11-19,271.02,272.94,273.47,269.19
2020-11-20,272.56,269.7,273.0,269.41
2020-11-23,270.89,268.43,270.95,264.53
2020-11-24,268.49,276.92,277.82,267.87
2020-11-25,278.14,275.59,280.18,272.65
2020-11-27,277.39,277.81,279.13,274.82
2020-11-30,276.03,276.97,277.7,271.01
2020-12-01,279.16,286.55,289.3,278.96
2020-12-02,285.36,287.52,291.78,280.83
2020-12-03,286.25,281.85,286.65,281.07
2020-12-04,280.3,279.7,283.46,279.3
2020-12-07,279.19,285.58,288.49,278.2
2020-12-08,286.01,283.4,286.43,281.55
2020-12-09,283.66,277.92,287.63,271.75
2020-12-10,275.54,277.12,278.73,271.86
2020-12-11,274.53,273.55,276.48,270.25
2020-12-14,273.37,274.19,277.22,271.56
2020-12-15,274.83,275.55,276.08,267.47
2020-12-16,274.76,275.67,277.86,272.51
2020-12-17,277.07,274.48,280.44,273.61
2020-12-18,275.77,276.4,278.0,271.14
2020-12-21,272.98,272.79,274.67,267.79
2020-12-22,271.5,267.09,271.5,264.63
2020-12-23,266.89,268.11,272.17,266.23
2020-12-24,268.88,267.4,270.4,266.2
2020-12-28,268.74,277.0,277.3,265.66
2020-12-29,276.95,276.78,280.51,276.28
2020-12-30,277.95,271.87,278.08,271.71
2020-12-31,272.0,273.16,277.09,269.81
2021-01-04,274.78,268.94,275.0,265.2
2021-01-05,268.29,270.97,272.4,268.21
2021-01-06,262.0,263.31,267.75,260.01
2021-01-07,265.9,268.74,271.61,264.78
2021-01-08,268.31,267.57,268.95,263.18
2021-01-11,260.48,256.84,263.47,255.9
2021-01-12,256.63,251.09,259.72,250.3
2021-01-13,251.55,251.64,253.95,249.2
2021-01-14,253.4,245.64,255.03,244.61
2021-01-15,247.9,251.36,253.86,247.16
2021-01-19,256.9,261.1,262.2,252.72
2021-01-20,268.93,267.48,270.32,263.6
2021-01-21,269.26,272.87,273.6,267.49
2021-01-22,272.01,274.5,278.47,272.0
2021-01-25,278.14,278.01,280.1,271.51
2021-01-26,278.14,282.05,285.39,277.81
2021-01-27,282.53,272.14,283.45,268.12
2021-01-28,277.18,265.0,286.79,264.7
2021-01-29,265.3,258.33,266.56,254.85
2021-02-01,259.52,262.01,264.17,254.91
2021-02-02,264.0,267.08,268.85,263.27
2021-02-03,265.62,266.65,269.2,263.84
2021-02-04,267.01,266.49,268.16,264.0
2021-02-05,266.8,268.1,269.17,265.67
2021-02-08,268.75,266.58,269.86,265.0
2021-02-09,266.44,269.45,273.39,265.75
2021-02-10,272.45,271.87,273.8,267.72
2021-02-11,271.89,270.39,273.58,268.49
2021-02-12,270.52,270.5,271.18,268.34
2021-02-16,270.8,273.97,276.6,270.05
2021-02-17,271.24,273.57,273.97,269.58
2021-02-18,269.57,269.39,271.95,266.03
2021-02-19,269.86,261.56,270.27,260.15
2021-02-22,257.95,260.33,263.07,257.53
2021-02-23,259.5,265.86,267.46,254.96
2021-02-24,262.33,264.31,266.38,258.39
2021-02-25,262.3,254.69,266.94,254.04
2021-02-26,256.47,257.62,265.55,256.47
2021-03-01,260.82,264.91,266.65,257.9
2021-03-02,265.78,259.0,266.71,258.65
2021-03-03,260.29,255.41,260.99,255.1
2021-03-04,256.47,257.64,266.49,253.5
2021-03-05,260.67,264.28,265.45,255.61
2021-03-08,265.55,255.31,265.58,255.05
2021-03-09,261.18,265.74,268.53,259.81
2021-03-10,268.64,264.9,268.97,262.87
2021-03-11,268.11,273.88,277.9,267.82
2021-03-12,269.14,268.4,269.74,264.02
2021-03-15,269.08,273.75,275.96,268.5
2021-03-16,276.08,279.28,282.14,274.8
2021-03-17,275.71,284.01,286.23,275.41
2021-03-18,279.87,278.62,285.19,278.28
2021-03-19,281.22,290.11,292.8,281.2
2021-03-22,290.45,293.54,299.71,286.75
2021-03-23,293.15,290.63,298.0,289.81
2021-03-24,291.0,282.14,291.72,281.16
2021-03-25,280.98,278.74,288.06,277.75
2021-03-26,278.3,283.02,284.5,277.77
2021-03-29,285.77,290.82,293.18,284.7
2021-03-30,289.83,288.0,292.47,286.7
2021-03-31,289.99,294.53,296.5,288.61
2021-04-01,298.4,298.66,302.4,296.6
2021-04-05,300.89,308.91,310.77,300.68
2021-04-06,308.84,306.26,311.35,305.25
2021-04-07,306.34,313.09,314.25,305.5
2021-04-08,314.85,313.02,315.88,310.05
2021-04-09,311.4,312.46,314.74,310.33
2021-04-12,311.05,311.54,312.15,307.93
2021-04-13,312.21,309.76,314.43,309.32
2021-04-14,307.3,302.82,308.03,301.95
2021-04-15,306.34,307.82,310.14,304.1
2021-04-16,308.17,306.18,308.95,304.61
2021-04-19,305.01,302.24,307.7,300.56
2021-04-20,301.99,302.65,305.1,297.21
2021-04-21,301.95,301.47,301.98,297.39
2021-04-22,301.33,296.52,302.92,296.04
2021-04-23,298.76,301.13,302.59,297.15
2021-04-26,303.34,303.04,305.8,301.56
2021-04-27,304.28,303.57,305.34,301.11
2021-04-28,307.36,307.1,310.92,305.37
2021-04-29,330.12,329.51,331.81,321.61
2021-04-30,326.14,325.08,329.82,324.5
2021-05-03,326.17,322.58,328.55,321.84
2021-05-04,320.02,318.36,322.19,313.12
2021-05-05,318.19,315.02,321.06,314.49
2021-05-06,314.52,320.02,320.24,313.27
2021-05-07,322.38,319.08,322.94,318.75
2021-05-10,314.35,305.97,314.58,304.83
2021-05-11,300.75,306.53,306.84,299.69
2021-05-12,301.13,302.55,304.96,298.19
2021-05-13,306.08,305.26,308.86,302.77
2021-05-14,309.54,315.94,316.85,309.08
2021-05-17,313.55,315.46,315.68,311.58
2021-05-18,315.59,309.96,316.5,309.81
2021-05-19,304.19,313.59,314.66,303.57
2021-05-20,313.58,318.61,319.25,313.16
2021-05-21,319.29,316.23,319.93,315.81
2021-05-24,318.21,324.63,325.95,318.03
2021-05-25,327.08,327.79,329.18,324.8
2021-05-26,328.35,327.66,329.83,325.82
2021-05-27,328.0,332.75,333.78,326.76
2021-05-28,331.0,328.73,332.87,328.33
2021-06-01,330.15,329.13,331.42,326.64
2021-06-02,330.38,329.15,331.87,327.12
2021-06-03,325.78,326.04,327.38,323.48
2021-06-04,325.9,330.35,332.46,325.18
2021-06-07,329.48,336.58,337.69,328.93
2021-06-08,336.7,333.68,338.3,332.24
2021-06-09,335.74,330.25,336.8,330.0
2021-06-10,330.79,332.46,333.94,328.55
2021-06-11,332.58,331.26,332.83,328.93
2021-06-14,331.9,336.77,336.82,329.81
2021-06-15,336.99,336.75,339.92,335.03
2021-06-16,336.7,331.08,337.55,328.72
2021-06-17,330.49,336.51,337.98,330.15
2021-06-18,334.53,329.66,336.15,329.0
2021-06-21,331.09,332.29,332.92,327.65
2021-06-22,332.69,339.03,339.92,332.6
2021-06-23,339.35,340.59,343.42,338.2
2021-06-24,341.85,343.18,344.9,341.79
2021-06-25,342.59,341.37,344.12,339.68
2021-06-28,342.46,355.64,358.14,341.77
2021-06-29,356.27,351.89,356.74,349.05
2021-06-30,352.17,347.71,352.92,347.17
2021-07-01,346.82,354.39,354.67,346.5
2021-07-02,355.1,354.7,356.44,352.62
2021-07-06,356.5,352.78,358.79,349.18
2021-07-07,355.26,350.49,356.49,350.0
2021-07-08,345.73,345.65,348.33,342.56
2021-07-09,345.32,350.42,350.71,345.27
2021-07-12,351.23,353.16,354.19,349.64
2021-07-13,351.5,352.09,358.49,348.8
2021-07-14,354.56,347.63,355.2,346.73
2021-07-15,349.23,344.46,349.23,340.22
2021-07-16,344.91,341.16,345.99,340.14
2021-07-19,337.57,336.95,339.79,334.54
2021-07-20,338.8,341.66,343.45,334.5
2021-07-21,341.5,346.23,346.52,341.25
2021-07-22,346.68,351.19,351.54,345.21
2021-07-23,360.91,369.79,375.33,357.19
2021-07-26,369.58,372.46,374.44,368.22
2021-07-27,371.91,367.81,373.15,364.55
2021-07-28,374.56,373.28,377.55,366.93
2021-07-29,361.0,358.32,365.52,356.74
2021-07-30,354.0,356.3,360.73,352.94
2021-08-02,358.1,351.95,359.4,350.74
2021-08-03,352.73,351.24,353.77,347.7
2021-08-04,352.42,358.92,360.48,351.51
2021-08-05,359.64,362.97,363.9,356.9
2021-08-06,361.4,363.51,365.15,361.4
2021-08-09,363.76,361.61,365.78,360.75
2021-08-10,361.83,361.13,364.1,359.04
2021-08-11,362.1,359.96,362.36,357.81
2021-08-12,358.45,362.65,363.0,357.11
2021-08-13,362.97,363.18,364.66,361.48
2021-08-16,362.52,366.56,366.95,357.38
2021-08-17,362.98,358.45,364.67,355.07
2021-08-18,356.25,355.45,359.86,355.15
2021-08-19,351.35,355.12,357.57,351.0
2021-08-20,354.6,359.37,359.99,353.31
2021-08-23,359.44,363.35,365.69,359.1
2021-08-24,363.66,365.51,367.96,361.84
2021-08-25,365.6,368.39,370.86,365.4
2021-08-26,368.38,364.38,369.44,364.13
2021-08-27,365.1,372.63,373.74,364.08
2021-08-30,372.56,380.66,381.49,370.52
2021-08-31,379.95,379.38,382.76,378.8
2021-09-01,379.59,382.05,384.33,378.81
2021-09-02,381.5,375.28,381.75,374.06
2021-09-03,374.75,376.26,377.16,373.11
2021-09-07,375.88,382.18,382.96,373.15
2021-09-08,380.16,377.57,380.87,374.79
2021-09-09,377.64,378.0,379.83,376.57
2021-09-10,381.36,378.69,383.79,378.26
2021-09-13,381.68,376.51,381.75,374.35
2021-09-14,377.4,376.53,378.59,375.11
2021-09-15,377.0,373.92,377.56,367.67
2021-09-16,372.79,373.06,373.56,369.71
2021-09-17,371.41,364.72,371.41,361.59
2021-09-20,359.3,355.7,361.03,349.8
2021-09-21,358.5,357.48,360.04,355.19
2021-09-22,347.23,343.21,349.84,340.69
2021-09-23,345.36,345.96,349.67,343.0
2021-09-24,343.24,352.96,354.35,342.37
2021-09-27,349.81,353.58,355.15,347.08
2021-09-28,347.97,340.65,349.6,338.92
2021-09-29,343.15,339.61,345.23,338.88
2021-09-30,340.45,339.39,342.8,338.15
2021-10-01,341.61,343.01,345.02,338.64
2021-10-04,335.53,326.23,335.94,322.7
2021-10-05,328.58,332.96,335.18,326.16
2021-10-06,329.74,333.64,334.38,325.8
2021-10-07,337.0,329.22,338.84,328.98
2021-10-08,331.51,330.05,333.4,328.71
2021-10-11,327.63,325.45,330.46,325.31
2021-10-12,323.03,323.77,324.38,317.37
2021-10-13,326.97,324.54,327.0,322.66
2021-10-14,328.36,328.53,330.52,327.1
2021-10-15,328.68,324.76,329.07,322.51
2021-10-18,328.95,335.34,335.89,327.5
2021-10-19,339.65,339.99,342.46,337.28
2021-10-20,343.45,340.78,343.98,339.45
2021-10-21,340.28,341.88,342.31,337.8
2021-10-22,326.35,324.61,329.63,321.11
2021-10-25,320.3,328.69,329.56,319.72
2021-10-26,328.26,315.81,330.21,309.6
2021-10-27,314.19,312.22,319.25,312.06
2021-10-28,312.99,316.92,325.52,308.11
2021-10-29,320.19,323.57,326.0,319.6
2021-11-01,326.04,329.98,333.45,326.0
2021-11-02,331.38,328.08,334.79,323.8
2021-11-03,327.49,331.62,332.15,323.2
2021-11-04,334.01,335.85,337.27,332.65
2021-11-05,340.31,341.13,346.79,339.64
2021-11-08,344.42,338.62,344.79,338.34
2021-11-09,340.0,335.37,341.31,334.47
2021-11-10,332.49,327.64,333.19,325.51
2021-11-11,329.82,327.74,332.46,327.0
2021-11-12,330.18,340.89,341.86,329.78
2021-11-15,344.34,347.56,353.65,343.2
2021-11-16,343.83,342.96,346.65,340.87
2021-11-17,344.24,340.77,347.3,340.1
2021-11-18,339.72,338.69,342.46,335.3
2021-11-19,342.2,345.3,352.1,339.9
2021-11-22,349.05,341.01,353.83,340.51
2021-11-23,338.93,337.25,341.4,333.5
2021-11-24,336.0,341.06,341.78,332.81
2021-11-26,335.8,333.12,337.75,331.9
2021-11-29,336.89,338.03,340.67,335.31
2021-11-30,335.0,324.46,335.81,323.43
2021-12-01,330.29,310.6,330.5,310.29
2021-12-02,311.4,310.39,314.6,307.2
2021-12-03,313.73,306.84,313.75,299.5
2021-12-06,308.13,317.87,320.1,306.34
2021-12-07,321.57,322.81,326.54,321.0
2021-12-08,325.0,330.56,332.75,323.07
2021-12-09,329.54,329.82,336.13,328.0
2021-12-10,332.56,329.75,335.03,326.37
2021-12-13,330.95,334.49,341.09,329.59
2021-12-14,328.05,333.74,335.7,327.65
2021-12-15,332.49,341.66,342.11,323.98
2021-12-16,338.98,334.9,344.46,333.74
2021-12-17,332.8,333.79,337.11,330.75
2021-12-20,329.78,325.45,329.9,322.53
2021-12-21,326.41,334.2,336.0,323.75
2021-12-22,333.8,330.45,334.51,328.26
2021-12-23,330.1,335.24,336.67,328.36
2021-12-27,338.85,346.18,347.87,338.01
2021-12-28,346.63,346.22,352.71,345.2
2021-12-29,346.91,342.94,349.69,341.64
2021-12-30,344.0,344.36,347.23,343.22
2021-12-31,343.02,336.35,343.44,336.27
2022-01-03,338.3,338.54,341.08,337.19
2022-01-04,339.95,336.53,343.09,331.87
2022-01-05,333.02,324.17,335.76,323.84
2022-01-06,322.82,332.46,339.17,322.72
2022-01-07,332.74,331.79,337.0,328.88
2022-01-10,325.31,328.07,328.34,315.43
2022-01-11,326.78,334.37,334.63,325.28
2022-01-12,335.18,333.26,336.37,330.03
2022-01-13,334.98,326.48,335.63,325.76
2022-01-14,321.79,331.9,332.73,321.21
2022-01-18,323.29,318.15,324.21,317.64
2022-01-19,319.58,319.59,327.1,319.33
2022-01-20,323.9,316.56,327.82,315.98
2022-01-21,314.81,303.17,318.31,303.04
2022-01-24,297.84,308.71,309.53,289.01
2022-01-25,299.95,300.15,306.23,297.58
2022-01-26,307.01,294.63,307.51,290.85
2022-01-27,297.75,294.64,301.71,294.26
2022-01-28,295.62,301.71,301.9,293.03
2022-01-31,300.68,313.26,313.79,299.32
2022-02-01,314.56,319.0,319.66,312.12
2022-02-02,327.82,323.0,328.0,316.87
2022-02-03,244.65,237.76,248.0,235.75
2022-02-04,234.97,237.09,242.61,230.11
2022-02-07,237.7,224.91,238.3,224.01
2022-02-08,220.85,220.18,225.77,216.15
2022-02-09,224.2,232.0,233.37,222.21
2022-02-10,228.27,228.07,235.0,226.7
2022-02-11,228.46,219.55,230.42,218.77
2022-02-14,219.31,217.7,221.0,214.78
2022-02-15,220.47,221.0,221.15,215.06
2022-02-16,212.41,216.54,217.46,212.36
2022-02-17,214.02,207.71,217.5,207.16
2022-02-18,209.39,206.16,210.75,205.18
2022-02-22,202.34,202.08,207.48,200.06
2022-02-23,204.16,198.45,206.94,198.05
2022-02-24,191.06,207.6,208.35,190.22
2022-02-25,204.94,210.48,211.32,203.18
2022-02-28,207.68,211.03,213.15,206.83
2022-03-01,209.87,203.49,211.75,202.22
2022-03-02,204.78,208.11,209.15,202.02
2022-03-03,209.02,202.97,209.08,201.42
2022-03-04,202.37,200.06,205.89,198.79
2022-03-07,200.79,187.47,200.89,187.28
2022-03-08,187.85,190.29,196.7,186.11
2022-03-09,195.74,198.5,199.1,193.92
2022-03-10,194.84,195.21,196.28,191.07
2022-03-11,192.64,187.61,193.56,186.67
2022-03-14,187.03,186.63,192.29,185.82
2022-03-15,190.8,192.03,192.28,185.91
2022-03-16,194.7,203.63,203.73,194.52
2022-03-17,201.7,207.84,208.04,201.11
2022-03-18,206.7,216.49,216.8,206.0
2022-03-21,214.5,211.49,214.71,207.63
2022-03-22,211.37,216.65,219.46,210.18
2022-03-23,213.33,213.46,216.8,212.16
2022-03-24,215.0,219.57,220.67,214.79
2022-03-25,220.51,221.82,225.5,218.89
2022-03-28,222.13,223.59,224.04,219.54
2022-03-29,226.07,229.86,230.89,225.29
2022-03-30,228.91,227.85,231.15,226.71
2022-03-31,228.45,222.36,228.49,222.26
2022-04-01,224.55,224.85,227.28,222.7
2022-04-04,225.98,233.89,234.35,225.86
2022-04-05,234.08,231.84,236.86,231.02
2022-04-06,226.91,223.3,228.99,221.41
2022-04-07,223.93,222.95,225.52,218.56
2022-04-08,222.38,222.33,225.13,220.03
2022-04-11,218.42,216.46,220.61,215.22
2022-04-12,220.24,214.14,222.03,213.13
2022-04-13,211.82,214.99,216.61,211.33
2022-04-14,214.89,210.18,214.99,210.0
2022-04-18,210.0,210.77,213.38,208.3
2022-04-19,210.52,217.31,218.43,209.0
2022-04-20,213.61,200.42,214.16,198.92
2022-04-21,201.6,188.07,202.97,185.58
2022-04-22,190.37,184.11,192.72,183.27
2022-04-25,182.73,186.99,187.18,181.66
2022-04-26,186.63,180.95,187.19,179.5
2022-04-27,174.43,174.95,181.21,169.0
2022-04-28,202.92,205.73,208.53,192.9
2022-04-29,204.46,200.47,212.48,199.9
2022-05-02,201.17,211.13,211.88,200.99
2022-05-03,210.45,212.03,214.9,208.09
2022-05-04,210.65,223.41,224.3,206.96
2022-05-05,218.74,208.28,220.17,206.16
2022-05-06,207.34,203.77,209.38,201.02
2022-05-09,199.84,196.21,202.57,195.58
2022-05-10,199.51,197.65,202.96,194.19
2022-05-11,196.33,188.74,200.67,188.27
2022-05-12,187.06,191.24,198.05,184.78
2022-05-13,192.58,198.62,199.89,191.28
2022-05-16,197.05,200.04,205.37,195.93
2022-05-17,202.12,202.62,205.46,198.36
2022-05-18,200.0,192.24,201.0,191.63
2022-05-19,191.2,191.29,195.29,189.6
2022-05-20,194.97,193.54,197.91,187.87
2022-05-23,195.19,196.23,196.99,191.24
2022-05-24,180.55,181.28,183.68,176.11
2022-05-25,180.4,183.83,185.45,179.32
2022-05-26,182.88,191.63,192.83,182.26
2022-05-27,191.36,195.13,195.33,189.8
2022-05-31,194.89,193.64,197.6,192.01
2022-06-01,196.51,188.64,199.53,185.0
2022-06-02,188.45,198.86,200.94,187.73
2022-06-03,195.98,190.78,196.61,189.78
2022-06-06,193.99,194.25,196.92,188.4
2022-06-07,191.93,195.65,196.53,191.49
2022-06-08,194.67,196.64,202.03,194.41
2022-06-09,194.28,184.0,199.45,183.68
2022-06-10,183.04,175.57,183.1,175.02
2022-06-13,170.59,164.26,172.58,164.03
2022-06-14,166.03,163.73,166.75,161.36
2022-06-15,167.2,169.35,172.16,163.98
2022-06-16,163.72,160.87,165.08,159.61
2022-06-17,161.68,163.74,165.9,159.9
2022-06-21,165.93,157.05,167.76,155.97
2022-06-22,158.38,155.85,160.79,155.44
2022-06-23,156.27,158.75,159.75,154.25
2022-06-24,161.73,170.16,170.25,161.3
2022-06-27,171.32,169.49,171.75,168.01
2022-06-28,169.9,160.68,171.3,160.61
2022-06-29,163.57,163.94,166.33,160.32
2022-06-30,162.15,161.25,165.23,158.49
2022-07-01,160.31,160.03,160.62,155.0
2022-07-05,158.14,168.19,168.25,157.02
2022-07-06,168.2,169.77,171.59,165.46
2022-07-07,169.45,172.19,172.72,167.78
2022-07-08,169.98,170.88,172.4,168.15
2022-07-11,167.07,162.88,167.49,161.91
2022-07-12,164.8,163.27,165.91,162.1
2022-07-13,160.16,163.49,164.98,159.61
2022-07-14,161.22,158.05,162.59,157.28
2022-07-15,160.54,164.7,164.98,159.82
2022-07-18,166.75,167.23,171.69,165.64
2022-07-19,170.37,175.78,176.49,169.51
2022-07-20,177.49,183.09,183.6,176.7
2022-07-21,180.63,183.17,183.85,178.87
2022-07-22,173.07,169.27,175.6,168.41
2022-07-25,169.0,166.65,170.57,164.81
2022-07-26,165.94,159.15,166.0,157.95
2022-07-27,162.59,169.58,170.87,162.02
2022-07-28,161.06,160.72,161.51,154.85
2022-07-29,157.69,159.1,160.14,155.17
2022-08-01,157.25,159.93,165.19,155.23
2022-08-02,158.31,160.19,162.24,158.01
2022-08-03,162.69,168.8,169.54,161.57
2022-08-04,168.3,170.57,172.15,166.8
2022-08-05,166.99,167.11,171.61,165.8
2022-08-08,168.0,170.25,177.51,167.13
2022-08-09,168.95,168.53,169.53,166.6
2022-08-10,175.99,178.34,180.48,173.95
2022-08-11,179.71,177.49,183.1,176.37
2022-08-12,180.81,180.5,181.46,178.91
2022-08-15,178.96,180.89,181.44,178.2
2022-08-16,179.44,179.47,180.99,177.04
2022-08-17,176.76,174.85,178.14,174.17
2022-08-18,174.34,174.66,175.76,171.86
2022-08-19,170.2,167.96,172.32,167.05
2022-08-22,165.49,163.05,165.49,162.26
2022-08-23,162.48,161.11,165.05,160.7
2022-08-24,160.6,163.26,165.46,159.77
2022-08-25,165.18,168.78,168.88,164.02
2022-08-26,168.48,161.78,170.92,161.67
2022-08-29,160.66,159.17,163.05,159.01
2022-08-30,160.35,157.16,161.66,155.91
2022-08-31,167.07,162.93,167.84,162.14
2022-09-01,163.58,165.36,167.36,160.35
2022-09-02,167.45,160.32,167.93,159.22
2022-09-06,160.1,158.54,161.69,157.69
2022-09-07,157.76,160.39,160.96,156.81
2022-09-08,158.71,162.06,162.23,157.74
2022-09-09,163.25,169.15,169.54,163.02
2022-09-12,167.39,168.96,171.39,167.28
2022-09-13,161.54,153.13,161.63,152.67
2022-09-14,153.33,151.47,153.54,149.05
2022-09-15,149.8,149.55,154.2,148.7
2022-09-16,148.05,146.29,148.58,144.29
2022-09-19,145.24,148.02,148.58,145.1
2022-09-20,145.78,146.09,148.84,145.22
2022-09-21,146.39,142.12,149.6,142.0
2022-09-22,141.55,142.82,144.58,140.87
2022-09-23,141.42,140.41,142.62,138.89
2022-09-26,140.12,136.37,142.24,136.19
2022-09-27,137.92,134.4,139.42,134.12
2022-09-28,134.62,141.61,142.03,134.27
2022-09-29,139.36,136.41,139.84,135.2
2022-09-30,136.05,135.68,140.99,135.5
2022-10-03,137.14,138.61,139.62,136.1
2022-10-04,140.49,140.28,142.39,139.34
2022-10-05,138.24,138.98,140.21,134.78
2022-10-06,137.72,139.07,141.45,136.6
2022-10-07,136.76,133.45,138.29,132.44
2022-10-10,133.55,133.79,136.11,131.87
2022-10-11,131.62,128.54,132.66,126.99
2022-10-12,128.32,127.5,129.67,126.25
2022-10-13,123.53,130.29,131.14,122.53
2022-10-14,131.0,126.76,131.79,126.52
2022-10-17,130.3,134.04,134.79,130.18
2022-10-18,137.09,132.8,137.84,131.4
2022-10-19,132.89,133.23,137.0,132.22
2022-10-20,132.93,131.53,136.77,131.31
2022-10-21,126.31,130.01,130.12,125.44
2022-10-24,127.25,129.72,133.48,124.57
2022-10-25,130.88,137.51,138.35,130.59
2022-10-26,131.68,129.82,135.55,128.53
2022-10-27,97.98,97.94,102.5,96.38
2022-10-28,99.58,99.2,100.85,97.51
2022-10-31,98.22,93.16,99.32,92.6
2022-11-01,94.33,95.2,97.49,93.55
2022-11-02,94.21,90.54,95.2,90.48
2022-11-03,90.08,88.91,90.46,88.41
2022-11-04,90.35,90.79,91.39,88.09
2022-11-07,94.78,96.72,96.88,93.1
2022-11-08,95.92,96.47,97.8,94.79
2022-11-09,101.72,101.47,104.9,100.74
2022-11-10,107.12,111.87,112.75,104.61
2022-11-11,109.23,113.02,114.9,108.81
2022-11-14,110.99,114.22,116.27,110.8
2022-11-15,116.07,117.08,118.74,114.41
2022-11-16,114.5,113.23,116.08,112.66
2022-11-17,110.41,111.45,112.33,109.8
2022-11-18,113.8,112.05,114.32,110.62
2022-11-21,111.52,109.86,112.37,109.19
2022-11-22,109.86,111.44,111.62,108.32
2022-11-23,111.72,112.24,112.67,110.73
2022-11-25,111.3,111.41,112.73,111.02
2022-11-28,110.78,108.78,112.04,108.38
2022-11-29,109.54,109.46,110.94,108.54
2022-11-30,109.51,118.1,118.16,109.38
2022-12-01,119.2,120.44,121.2,118.4
2022-12-02,117.83,123.49,124.04,117.61
2022-12-05,121.75,122.43,124.67,121.35
2022-12-06,119.91,114.12,120.55,113.74
2022-12-07,113.76,113.93,115.88,112.88
2022-12-08,116.39,115.33,117.34,114.59
2022-12-09,115.3,115.9,117.54,113.87
2022-12-12,115.18,114.71,115.72,113.14
2022-12-13,122.13,120.15,123.3,118.64
2022-12-14,119.39,121.59,124.14,119.39
2022-12-15,118.33,116.15,118.63,114.01
2022-12-16,120.23,119.43,123.31,118.82
2022-12-19,116.83,114.48,117.8,114.33
2022-12-20,113.26,117.09,117.33,112.46
2022-12-21,116.7,119.76,120.34,115.62
2022-12-22,117.2,117.12,118.62,114.38
2022-12-23,116.03,118.04,118.18,115.54
2022-12-27,117.93,116.88,118.6,116.05
2022-12-28,116.25,115.62,118.15,115.51
2022-12-29,116.4,120.26,121.03,115.77
2022-12-30,118.16,120.34,120.42,117.74
2023-01-03,122.82,124.74,126.37,122.28
2023-01-04,127.38,127.37,129.05,125.85
2023-01-05,126.13,126.94,128.52,124.54
2023-01-06,128.97,130.02,130.33,126.04
2023-01-09,131.16,129.47,132.95,129.28
2023-01-10,127.27,132.99,133.44,127.15
2023-01-11,130.96,132.89,133.85,130.34
2023-01-12,133.44,136.71,137.68,131.76
2023-01-13,134.97,136.98,137.39,134.84
2023-01-17,136.18,135.36,136.75,134.25
2023-01-18,135.81,133.02,137.25,132.8
2023-01-19,132.49,136.15,137.45,132.14
2023-01-20,135.89,139.37,139.94,134.61
2023-01-23,139.29,143.27,143.76,138.66
2023-01-24,141.69,143.14,145.0,141.36
2023-01-25,141.22,141.5,143.17,140.31
2023-01-26,144.4,147.3,147.51,143.3
2023-01-27,148.24,151.74,153.19,147.39
2023-01-30,149.41,147.06,151.12,146.95
2023-01-31,147.95,148.97,149.88,147.52
2023-02-01,148.03,153.12,153.58,147.06
2023-02-02,183.38,188.77,197.16,180.16
2023-02-03,183.47,186.53,196.77,182.89
2023-02-06,186.53,186.06,190.7,185.52
2023-02-07,185.58,191.62,193.78,184.4
2023-02-08,190.0,183.43,190.83,182.92
2023-02-09,186.13,177.92,186.65,177.27
2023-02-10,176.35,174.15,178.89,173.35
2023-02-13,178.22,179.43,181.0,175.82
2023-02-14,177.16,179.48,181.51,175.88
2023-02-15,176.42,177.16,178.19,175.33
2023-02-16,172.75,172.44,175.85,171.79
2023-02-17,170.22,172.88,173.18,169.7
2023-02-21,174.31,172.08,178.17,171.88
2023-02-22,171.07,171.12,172.76,169.69
2023-02-23,172.0,172.04,173.69,169.38
2023-02-24,168.64,170.39,170.72,167.66
2023-02-27,171.88,169.54,173.12,169.06
2023-02-28,171.9,174.94,177.55,171.87
2023-03-01,174.59,173.42,177.85,173.05
2023-03-02,172.38,174.53,175.01,171.43
2023-03-03,178.92,185.25,186.62,177.05
2023-03-06,188.0,184.9,189.66,184.64
2023-03-07,189.0,184.51,190.36,184.01
2023-03-08,182.87,184.97,185.26,181.34
2023-03-09,186.35,181.69,188.93,180.3
2023-03-10,181.01,179.51,184.77,178.8
2023-03-13,177.96,180.9,183.78,174.82
2023-03-14,187.58,194.02,194.32,186.56
2023-03-15,192.95,197.75,197.78,190.84
2023-03-16,198.26,204.93,205.76,196.09
2023-03-17,200.56,195.61,201.9,195.43
2023-03-20,198.48,197.81,199.36,193.64
2023-03-21,203.2,202.16,203.55,197.95
2023-03-22,202.5,199.81,207.37,199.67
2023-03-23,202.84,204.28,207.88,202.15
2023-03-24,205.18,206.01,207.58,203.55
2023-03-27,204.81,202.84,205.86,201.36
2023-03-28,200.15,200.68,201.03,197.9
2023-03-29,203.56,205.35,205.72,202.54
2023-03-30,203.38,207.84,208.09,202.82
2023-03-31,207.24,211.94,212.17,206.77
2023-04-03,208.84,213.07,213.49,208.2
2023-04-04,213.39,214.72,216.24,212.54
2023-04-05,214.15,211.48,215.19,209.94
2023-04-06,209.25,216.1,216.94,208.65
2023-04-10,214.71,214.75,215.66,210.66
2023-04-11,215.48,213.85,216.02,213.41
2023-04-12,214.84,214.0,216.84,212.58
2023-04-13,215.73,220.35,221.15,215.69
2023-04-14,217.88,221.49,222.11,217.55
2023-04-17,219.79,218.86,220.98,217.13
2023-04-18,219.91,217.89,220.44,216.21
2023-04-19,213.47,215.7,217.33,212.93
2023-04-20,213.48,213.07,216.75,212.77
2023-04-21,210.21,212.89,213.41,209.58
2023-04-24,213.68,212.79,213.92,210.71
2023-04-25,210.82,207.55,211.26,207.13
2023-04-26,212.5,209.4,214.11,208.88
2023-04-27,239.89,238.56,241.69,236.77
2023-04-28,239.01,240.32,240.43,235.75
2023-05-01,238.62,243.18,244.0,236.46
2023-05-02,243.18,239.24,244.92,238.99
2023-05-03,239.47,237.03,241.75,232.75
2023-05-04,236.06,233.52,238.2,232.93
2023-05-05,232.24,232.78,234.68,229.85
2023-05-08,231.42,233.27,235.62,230.27
2023-05-09,231.46,233.37,235.88,231.08
2023-05-10,236.17,233.08,236.75,230.72
2023-05-11,233.05,235.79,238.21,232.3
2023-05-12,236.74,233.81,236.96,231.45
2023-05-15,236.92,238.86,240.26,235.33
2023-05-16,235.79,238.82,239.64,235.52
2023-05-17,238.45,242.49,243.84,238.14
2023-05-18,241.3,246.85,247.09,241.19
2023-05-19,247.47,245.64,248.69,243.41
2023-05-22,245.41,248.32,253.57,245.12
2023-05-23,246.81,246.74,251.61,246.65
2023-05-24,245.28,249.21,249.59,244.95
2023-05-25,253.4,252.69,255.62,249.17
2023-05-26,252.93,262.04,262.31,252.71
2023-05-30,265.25,262.52,268.65,261.29
2023-05-31,260.0,264.72,265.0,258.45
2023-06-01,265.9,272.61,274.0,265.89
2023-06-02,272.66,272.61,275.35,271.12
2023-06-05,270.3,271.39,275.57,269.56
2023-06-06,270.14,271.12,276.57,269.69
2023-06-07,271.67,263.6,274.25,262.8
2023-06-08,260.62,264.58,267.65,258.88
2023-06-09,262.48,264.95,267.95,261.7
2023-06-12,267.17,271.05,271.75,265.33
2023-06-13,274.88,271.32,275.72,269.09
2023-06-14,271.89,273.35,274.99,268.32
2023-06-15,272.3,281.83,283.99,271.42
2023-06-16,284.75,281.0,287.85,280.13
2023-06-20,278.73,284.33,284.8,276.22
2023-06-21,283.53,281.64,284.0,278.36
2023-06-22,279.08,284.88,285.26,277.79
2023-06-23,281.51,288.73,289.67,278.95
2023-06-26,288.7,278.47,289.79,277.6
2023-06-27,282.01,287.05,289.35,280.65
2023-06-28,284.82,285.29,289.55,284.06
2023-06-29,284.5,281.53,286.57,280.69
2023-06-30,284.76,286.98,289.05,284.42
2023-07-03,286.7,286.02,289.4,284.85
2023-07-05,287.65,294.37,298.12,286.36
2023-07-06,295.89,291.99,298.12,291.31
2023-07-07,292.18,290.53,296.2,288.66
2023-07-10,295.55,294.1,298.13,287.05
2023-07-11,293.9,298.29,300.18,291.9
2023-07-12,301.75,309.34,309.45,300.1
2023-07-13,313.62,313.41,316.24,310.29
2023-07-14,311.79,308.87,314.88,307.36
2023-07-17,307.54,310.62,311.71,304.71
2023-07-18,310.88,312.05,314.2,307.62
2023-07-19,313.03,316.01,318.68,310.52
2023-07-20,313.5,302.52,315.54,302.22
2023-07-21,304.57,294.26,305.46,291.2
2023-07-24,295.78,291.61,297.52,288.3
2023-07-25,295.19,294.47,298.3,291.86
2023-07-26,301.19,298.57,301.77,291.9
2023-07-27,325.12,311.71,325.35,309.84
2023-07-28,316.88,325.48,326.2,314.25
2023-07-31,323.69,318.6,325.66,317.59
2023-08-01,317.54,322.71,324.14,314.66
2023-08-02,318.0,314.31,318.39,310.65
2023-08-03,309.93,313.19,315.95,309.93
2023-08-04,314.96,310.73,318.41,310.2
2023-08-07,313.23,316.56,317.07,310.46
2023-08-08,314.4,312.64,317.89,310.11
2023-08-09,312.88,305.21,313.63,302.85
2023-08-10,307.94,305.74,312.34,303.87
2023-08-11,302.57,301.64,304.72,300.36
2023-08-14,300.98,306.19,306.21,298.25
2023-08-15,306.14,301.95,307.23,300.03
2023-08-16,300.2,294.29,301.08,294.28
2023-08-17,293.05,285.09,296.05,284.95
2023-08-18,279.03,283.25,285.69,274.38
2023-08-21,283.45,289.9,290.5,281.85
2023-08-22,292.55,287.6,292.9,286.75
2023-08-23,288.5,294.24,297.4,287.67
2023-08-24,298.5,286.75,299.46,286.64
2023-08-25,286.13,285.5,288.39,276.03
2023-08-28,288.0,290.26,291.45,285.8
2023-08-29,288.58,297.99,299.15,288.18
2023-08-30,297.17,295.1,298.29,293.43
2023-08-31,295.8,295.89,301.1,295.66
2023-09-01,299.37,296.38,301.74,294.47
2023-09-05,297.02,300.15,301.39,295.51
2023-09-06,301.71,299.17,303.3,295.66
2023-09-07,298.0,298.67,307.05,292.22
2023-09-08,299.22,297.89,305.25,296.78
2023-09-11,301.41,307.56,309.04,301.28
2023-09-12,306.33,301.66,308.66,300.23
2023-09-13,302.36,305.06,307.18,301.32
2023-09-14,306.74,311.72,312.87,305.03
2023-09-15,311.61,300.31,312.0,298.75
2023-09-18,298.19,302.55,303.6,297.8
2023-09-19,302.48,305.07,306.17,299.81
2023-09-20,305.05,299.67,308.06,299.43
2023-09-21,295.7,295.73,300.26,293.27
2023-09-22,299.3,299.08,305.38,298.27
2023-09-25,295.64,300.83,300.95,293.7
2023-09-26,297.66,298.96,300.3,296.01
2023-09-27,300.45,297.74,301.3,286.79
2023-09-28,298.94,303.96,306.33,296.7
2023-09-29,307.38,300.21,310.64,299.36
2023-10-02,302.74,306.82,307.18,301.63
2023-10-03,304.26,300.94,306.77,299.64
2023-10-04,298.73,305.58,306.9,298.5
2023-10-05,304.63,304.79,306.21,299.5
2023-10-06,301.44,315.43,316.31,300.91
2023-10-09,312.5,318.36,320.33,311.82
2023-10-10,319.12,321.84,324.66,318.16
2023-10-11,323.01,327.82,328.84,322.95
2023-10-12,328.0,324.16,330.54,322.69
2023-10-13,323.53,314.69,325.05,312.37
2023-10-16,318.64,321.15,321.82,315.52
2023-10-17,318.18,324.0,324.4,317.3
2023-10-18,321.39,316.97,325.94,315.56
2023-10-19,319.88,312.81,321.89,311.75
2023-10-20,314.14,308.65,315.3,306.47
2023-10-23,309.5,314.01,317.36,307.26
2023-10-24,316.78,312.55,318.35,310.63
2023-10-25,310.0,299.53,310.88,298.84
2023-10-26,295.0,288.35,295.0,279.4
2023-10-27,294.48,296.73,299.31,292.97
2023-10-30,299.09,302.66,309.4,299.05
2023-10-31,303.31,301.27,303.68,296.86
2023-11-01,301.85,311.85,312.74,301.85
2023-11-02,317.3,310.87,318.82,308.33
2023-11-03,312.55,314.6,315.55,311.02
2023-11-06,315.98,315.8,318.33,314.45
2023-11-07,317.06,318.82,321.0,315.12
2023-11-08,318.14,319.78,321.33,314.88
2023-11-09,319.42,320.55,324.18,318.8
2023-11-10,319.94,328.77,329.1,319.46
2023-11-13,326.2,329.19,332.33,325.7
2023-11-14,334.54,336.31,338.1,333.33
2023-11-15,337.93,332.71,338.4,330.02
2023-11-16,329.37,334.19,334.58,326.38
2023-11-17,330.26,335.04,335.5,329.35
2023-11-20,334.89,339.97,341.87,334.19
2023-11-21,338.33,336.98,339.9,335.9
2023-11-22,339.21,341.49,342.92,338.58
2023-11-24,340.13,338.23,341.86,336.77
2023-11-27,336.18,334.7,339.9,334.2
2023-11-28,333.4,338.99,339.38,333.4
2023-11-29,339.69,332.2,339.9,330.78
2023-11-30,331.89,327.15,333.5,322.4
2023-12-01,325.48,324.82,326.86,320.76
2023-12-04,317.29,320.02,320.86,313.66
2023-12-05,318.98,318.29,321.88,315.39
2023-12-06,321.93,317.45,322.25,317.04
2023-12-07,317.77,326.59,328.24,317.77
2023-12-08,323.09,332.75,333.17,323.0
2023-12-11,329.4,325.28,329.89,320.0
2023-12-12,324.6,334.22,334.47,324.56
2023-12-13,333.93,334.74,338.37,332.64
2023-12-14,333.85,333.17,334.7,328.64
2023-12-15,331.99,334.92,338.66,331.22
2023-12-18,337.48,344.62,347.56,337.02
2023-12-19,345.58,350.36,353.6,345.12
2023-12-20,348.65,349.28,354.96,347.79
2023-12-21,352.98,354.09,356.41,349.21
2023-12-22,355.58,353.39,357.2,351.22
2023-12-26,354.99,354.83,356.98,353.45
2023-12-27,356.07,357.83,359.0,355.31
2023-12-28,359.7,358.32,361.9,357.81
2023-12-29,358.99,353.96,360.0,351.82
2024-01-02,351.32,346.29,353.16,340.01
2024-01-03,344.98,344.47,347.95,343.18
2024-01-04,344.5,347.12,348.15,343.4
2024-01-05,346.99,351.95,353.5,346.26
2024-01-08,354.7,358.66,358.98,352.05
2024-01-09,356.4,357.43,360.64,355.36
2024-01-10,360.17,370.47,372.94,359.08
2024-01-11,372.13,369.67,372.78,362.93
2024-01-12,370.16,374.49,377.06,369.54
2024-01-16,373.65,367.46,375.61,367.23
2024-01-17,366.3,368.37,368.54,358.61
2024-01-18,371.49,376.13,376.85,370.95
2024-01-19,379.0,383.45,384.36,377.97
2024-01-22,387.95,381.78,390.35,381.16
2024-01-23,384.62,385.2,388.38,382.08
2024-01-24,390.0,390.7,396.15,387.81
2024-01-25,390.17,393.18,395.49,385.66
2024-01-26,394.35,394.14,396.79,391.59
2024-01-29,394.99,401.02,402.93,393.1
2024-01-30,403.59,400.06,406.36,399.57
2024-01-31,389.0,390.14,398.0,387.1
2024-02-01,393.94,394.78,400.5,393.05
2024-02-02,459.6,474.99,485.96,453.01
